CONTEXT;TASK;PRACTICE;SA;TrueNegative;FalseNegative;FalsePositive;TruePositive;Accuracy;Precision;Recall;F1score;AccuracyLoocv;NumberAnomalies;SilhouetteCoefficient;MSE;RMSE;R2;MAE;MAD;FORD;ERR;AAOD;COV;FDRD;DI;BGGEI;SR;AE;ME;AW;MW;Independence;Separation;Sufficiency;;;;
Social Sciences;Classification - Random Forest;LabelEncoder;Sex;439;233;249;461;0.65;0.64;0.66;0.65;-;-;-;-;-;-;-;-;-0,15;0.96;0.09;0.58;0.19;0.71;0.0002;0.51;-;-;-;-;-;-;-;;;;
Social Sciences;Classification - Random Forest;Oversample;Sex;442;237;246;457;0.65;0.65;0.65;0.65;-;-;-;-;-;-;-;-;-0,16;0.96;0.07;0.58;0.19;0.75;0.0005;0.50;-;-;-;-;-;-;-;;;;
Social Sciences;Classification - Random Forest;Undersample;Sex;439;242;249;452;0.64;0.64;0.65;0.64;-;-;-;-;-;-;-;-;-0,16;0.97;0.08;0.59;0.19;0.73;0.0004;0.50;-;-;-;-;-;-;-;;;;
Social Sciences;Classification - Random Forest;IterativeImputer;Sex;518;234;271;420;0.65;0.60;0.64;0.62;-;-;-;-;-;-;-;-;-0,07;0.91;0.09;0.57;0.06;0.74;1.85e-05;0.47;-;-;-;-;-;-;-;;;;
Social Sciences;Classification - Random Forest;Regularization;Sex;498;240;190;454;0.68;0.70;0.65;0.67;-;-;-;-;-;-;-;-;-0,12;0.92;0.16;0.57;0.15;0.54;1.82e-05;0.46;-;-;-;-;-;-;-;;;;
Social Sciences;Classification - Random Forest;Mutation testing;Sex;443;237;767;935;0.57;0.54;0.79;0.65;-;-;-;-;-;-;-;-;0.07;1.03;0.10;0.49;-0,03;1.17;0.0002;0.71;-;-;-;-;-;-;-;;;;
Social Sciences;Classification - Random Forest;LOOCV;Sex;-;-;-;-;-;-;-;-;0.64;-;-;-;-;-;-;-;-;-;-;-;-;-;-;-;-;-;-;-;-;-;-;;;;
Social Sciences;Classification - Random Forest;Binarize;Sex;390;223;298;471;0.62;0.61;0.67;0.64;-;-;-;-;-;-;-;-;-0,16;0.82;0.27;0.58;0.11;0.47;0.0008;0.55;-;-;-;-;-;-;-;;;;
Social Sciences;Classification - Random Forest;SelectBest;Sex;437;244;251;450;0.64;0.64;0.64;0.64;-;-;-;-;-;-;-;-;-0,18;0.88;0.08;0.59;0.16;0.72;0.0003;0.50;-;-;-;-;-;-;-;;;;
Social Sciences;Classification - Random Forest;SimpleImputer;Sex;527;237;262;417;0.65;0.61;0.63;0.62;-;-;-;-;-;-;-;-;-0,09;0.84;0.09;0.57;0.03;0.71;4.60e-05;0.47;-;-;-;-;-;-;-;;;;
Social Sciences;Classification - Random Forest;LabelEncoder;Race;439;233;249;461;0.65;0.64;0.66;0.65;-;-;-;-;-;-;-;-;0.07;1.00;0.17;0.58;-0,07;1.52;0.0007;0.51;-;-;-;-;-;-;-;;;;
Social Sciences;Classification - Random Forest;Oversample;Race;442;237;246;457;0.65;0.65;0.65;0.65;-;-;-;-;-;-;-;-;0.07;0.99;0.16;0.58;-0,07;1.49;0.0005;0.50;-;-;-;-;-;-;-;;;;
Social Sciences;Classification - Random Forest;Undersample;Race;439;242;249;452;0.64;0.64;0.65;0.64;-;-;-;-;-;-;-;-;0.06;0.97;0.17;0.59;-0,08;1.53;0.0007;0.50;-;-;-;-;-;-;-;;;;
Social Sciences;Classification - Random Forest;IterativeImputer;Race;518;234;271;420;0.65;0.60;0.64;0.62;-;-;-;-;-;-;-;-;0.09;1.03;0.16;0.57;-0,11;1.54;0.0002;0.47;-;-;-;-;-;-;-;;;;
Social Sciences;Classification - Random Forest;Regularization;Race;498;240;190;454;0.68;0.70;0.65;0.67;-;-;-;-;-;-;-;-;0.04;1.00;0.22;0.57;-0,02;1.82;0.002;0.46;-;-;-;-;-;-;-;;;;
Social Sciences;Classification - Random Forest;Mutation testing;Race;447;237;719;979;0.59;0.57;0.80;0.67;-;-;-;-;-;-;-;-;0.07;0.97;0.09;0.49;-0,05;1.15;3.61e-05;0.71;-;-;-;-;-;-;-;;;;
Social Sciences;Classification - Random Forest;LOOCV;Race;-;-;-;-;-;-;-;-;0.64;-;-;-;-;-;-;-;-;-;-;-;-;-;-;-;-;-;-;-;-;-;-;;;;
Social Sciences;Classification - Random Forest;Binarize;Race;390;223;298;471;0.62;0.61;0.67;0.64;-;-;-;-;-;-;-;-;-0,002;0.84;0.24;0.58;-0,13;1.66;0.002;0.55;-;-;-;-;-;-;-;;;;
Social Sciences;Classification - Random Forest;SelectBest;Race;437;244;251;450;0.64;0.64;0.64;0.64;-;-;-;-;-;-;-;-;0.06;0.94;0.13;0.59;-0,11;1.41;0.0001;0.50;-;-;-;-;-;-;-;;;;
Social Sciences;Classification - Random Forest;SimpleImputer;Race;527;237;262;417;0.65;0.61;0.63;0.62;-;-;-;-;-;-;-;-;0.08;1.01;0.17;0.57;-0,12;1.58;0.0003;0.47;-;-;-;-;-;-;-;;;;
Social Sciences;Classification - Logistic Regression;LabelEncoder;Sex;496;233;192;461;0.69;0.70;0.66;0.68;-;-;-;-;-;-;-;-;-0,12;0.87;0.17;0.57;0.12;0.52;8.54e-05;0.47;-;-;-;-;-;-;-;;;;
Social Sciences;Classification - Logistic Regression;Oversample;Sex;490;227;198;467;0.69;0.70;0.67;0.68;-;-;-;-;-;-;-;-;-0,11;0.92;0.17;0.56;0.14;0.53;6.90e-05;0.48;-;-;-;-;-;-;-;;;;
Social Sciences;Classification - Logistic Regression;Undersample;Sex;488;229;200;465;0.68;0.69;0.67;0.68;-;-;-;-;-;-;-;-;-0,11;0.93;0.16;0.56;0.16;0.55;3.22e-05;0.48;-;-;-;-;-;-;-;;;;
Social Sciences;Classification - Logistic Regression;IterativeImputer;Sex;556;235;233;419;0.67;0.64;0.64;0.64;-;-;-;-;-;-;-;-;-0,02;0.91;0.24;0.57;0.01;0.45;0.001;0.45;-;-;-;-;-;-;-;;;;
Social Sciences;Classification - Logistic Regression;Regularization;Sex;498;240;190;454;0.68;0.70;0.65;0.67;-;-;-;-;-;-;-;-;-0,12;0.92;0.16;0.57;0.15;0.54;1.82e-05;0.46;-;-;-;-;-;-;-;;;;
Social Sciences;Classification - Logistic Regression;Mutation testing;Sex;991;738;192;461;0.60;0.70;0.38;0.49;-;-;-;-;-;-;-;-;0.02;1.17;0.24;0.75;0.12;0.27;0.006;0.27;-;-;-;-;-;-;-;;;;
Social Sciences;Classification - Logistic Regression;LOOCV;Sex;-;-;-;-;-;-;-;-;0.68;-;-;-;-;-;-;-;-;-;-;-;-;-;-;-;-;-;-;-;-;-;-;;;;
Social Sciences;Classification - Logistic Regression;Binarize;Sex;390;234;298;460;0.61;0.60;0.66;0.63;-;-;-;-;-;-;-;-;-0,12;0.92;0.33;0.59;0.18;0.41;0.001;0.54;-;-;-;-;-;-;-;;;;
Social Sciences;Classification - Logistic Regression;SelectBest;Sex;490;238;198;456;0.68;0.69;0.65;0.67;-;-;-;-;-;-;-;-;-0,11;0.94;0.17;0.57;0.17;0.54;3.04e-05;0.47;-;-;-;-;-;-;-;;;;
Social Sciences;Classification - Logistic Regression;SimpleImputer;Sex;556;235;233;419;0.67;0.64;0.64;0.64;-;-;-;-;-;-;-;-;-0,02;0.91;0.24;0.57;0.01;0.45;0.001;0.45;-;-;-;-;-;-;-;;;;
Social Sciences;Classification - Logistic Regression;LabelEncoder;Race;496;233;192;461;0.69;0.70;0.66;0.68;-;-;-;-;-;-;-;-;0.04;1.02;0.21;0.57;-0,02;1.76;0.002;0.47;-;-;-;-;-;-;-;;;;
Social Sciences;Classification - Logistic Regression;Oversample;Race;490;227;198;467;0.69;0.70;0.67;0.68;-;-;-;-;-;-;-;-;0.04;1.02;0.22;0.56;-0,02;1.79;0.002;0.48;-;-;-;-;-;-;-;;;;
Social Sciences;Classification - Logistic Regression;Undersample;Race;488;229;200;465;0.68;0.69;0.67;0.68;-;-;-;-;-;-;-;-;0.04;1.03;0.22;0.56;-0,01;1.80;0.002;0.48;-;-;-;-;-;-;-;;;;
Social Sciences;Classification - Logistic Regression;IterativeImputer;Race;556;235;233;419;0.67;0.64;0.64;0.64;-;-;-;-;-;-;-;-;0.05;1.01;0.23;0.57;-0,09;1.92;0.001;0.45;-;-;-;-;-;-;-;;;;
Social Sciences;Classification - Logistic Regression;Regularization;Race;498;240;190;454;0.68;0.70;0.65;0.67;-;-;-;-;-;-;-;-;0.04;1.00;0.22;0.57;-0,02;1.82;0.002;0.46;-;-;-;-;-;-;-;;;;
Social Sciences;Classification - Logistic Regression;Mutation testing;Race;972;757;192;461;0.60;0.70;0.37;0.49;-;-;-;-;-;-;-;-;0.03;0.98;0.13;0.76;-0,02;1.78;0.001;0.27;-;-;-;-;-;-;-;;;;
Social Sciences;Classification - Logistic Regression;LOOCV;Race;-;-;-;-;-;-;-;-;0.68;-;-;-;-;-;-;-;-;-;-;-;-;-;-;-;-;-;-;-;-;-;-;;;;
Social Sciences;Classification - Logistic Regression;Binarize;Race;390;234;298;460;0.61;0.60;0.66;0.63;-;-;-;-;-;-;-;-;-0,20;0.83;0.31;0.59;-0,13;1.89;0.004;0.54;-;-;-;-;-;-;-;;;;
Social Sciences;Classification - Logistic Regression;SelectBest;Race;490;238;198;456;0.68;0.69;0.65;0.67;-;-;-;-;-;-;-;-;0.04;0.99;0.22;0.57;-0,03;1.82;0.002;0.47;-;-;-;-;-;-;-;;;;
Social Sciences;Classification - Logistic Regression;SimpleImputer;Race;556;235;233;419;0.67;0.64;0.64;0.64;-;-;-;-;-;-;-;-;0.05;1.01;0.23;0.57;-0,09;1.92;0.001;0.45;-;-;-;-;-;-;-;;;;
Social Sciences;Classification -  XGBoost;LabelEncoder;Sex;486;250;202;444;0.67;0.68;0.63;0.66;-;-;-;-;-;-;-;-;-0,12;1.00;0.10;0.59;0.21;0.66;0.0001;0.46;-;-;-;-;-;-;-;;;;
Social Sciences;Classification -  XGBoost;Oversample;Sex;467;237;221;457;0.66;0.67;0.65;0.66;-;-;-;-;-;-;-;-;-0,14;0.97;0.09;0.58;0.19;0.70;0.0002;0.49;-;-;-;-;-;-;-;;;;
Social Sciences;Classification -  XGBoost;Undersample;Sex;474;247;214;447;0.66;0.67;0.64;0.65;-;-;-;-;-;-;-;-;-0,14;0.92;0.11;0.59;0.17;0.64;9.72e-05;0.47;-;-;-;-;-;-;-;;;;
Social Sciences;Classification -  XGBoost;IterativeImputer;Sex;551;240;238;414;0.66;0.63;0.63;0.63;-;-;-;-;-;-;-;-;-0,04;0.93;0.16;0.57;0.05;0.59;0.0005;0.45;-;-;-;-;-;-;-;;;;
Social Sciences;Classification -  XGBoost;Regularization;Sex;498;240;190;454;0.68;0.70;0.65;0.67;-;-;-;-;-;-;-;-;-0,12;0.92;0.16;0.57;0.15;0.54;1.82e-05;0.46;-;-;-;-;-;-;-;;;;
Social Sciences;Classification -  XGBoost;Mutation testing;Sex;494;260;679;949;0.60;0.58;0.78;0.66;-;-;-;-;-;-;-;-;-0,11;1.12;0.12;0.51;0.09;1.17;0.002;0.68;-;-;-;-;-;-;-;;;;
Social Sciences;Classification -  XGBoost;LOOCV;Sex;-;-;-;-;-;-;-;-;0.67;-;-;-;-;-;-;-;-;-;-;-;-;-;-;-;-;-;-;-;-;-;-;;;;
Social Sciences;Classification -  XGBoost;Binarize;Sex;390;223;298;471;0.62;0.61;0.67;0.64;-;-;-;-;-;-;-;-;-0,16;0.82;0.27;0.58;0.11;0.47;0.0008;0.55;-;-;-;-;-;-;-;;;;
Social Sciences;Classification -  XGBoost;SelectBest;Sex;473;242;215;452;0.66;0.67;0.65;0.66;-;-;-;-;-;-;-;-;-0,16;0.84;0.12;0.58;0.13;0.61;1.87e-05;0.48;-;-;-;-;-;-;-;;;;
Social Sciences;Classification -  XGBoost;SimpleImputer;Sex;552;227;237;427;0.67;0.64;0.65;0.64;-;-;-;-;-;-;-;-;-0,03;0.96;0.15;0.56;0.07;0.61;0.0004;0.46;-;-;-;-;-;-;-;;;;
Social Sciences;Classification -  XGBoost;LabelEncoder;Race;486;250;202;444;0.67;0.68;0.63;0.66;-;-;-;-;-;-;-;-;0.06;1.03;0.19;0.59;-0,04;1.69;0.001;0.46;-;-;-;-;-;-;-;;;;
Social Sciences;Classification -  XGBoost;Oversample;Race;467;237;221;457;0.66;0.67;0.65;0.66;-;-;-;-;-;-;-;-;0.06;1.03;0.19;0.58;-0,04;1.65;0.001;0.49;-;-;-;-;-;-;-;;;;
Social Sciences;Classification -  XGBoost;Undersample;Race;474;247;214;447;0.66;0.67;0.64;0.65;-;-;-;-;-;-;-;-;0.07;1.03;0.20;0.59;-0,04;1.70;0.001;0.47;-;-;-;-;-;-;-;;;;
Social Sciences;Classification -  XGBoost;IterativeImputer;Race;551;240;238;414;0.66;0.63;0.63;0.63;-;-;-;-;-;-;-;-;0.06;0.98;0.18;0.57;-0,12;1.69;0.0006;0.45;-;-;-;-;-;-;-;;;;
Social Sciences;Classification -  XGBoost;Regularization;Race;498;240;190;454;0.68;0.70;0.65;0.67;-;-;-;-;-;-;-;-;0.04;1.00;0.22;0.57;-0,02;1.82;0.002;0.46;-;-;-;-;-;-;-;;;;
Social Sciences;Classification -  XGBoost;Mutation testing;Race;501;257;699;925;0.59;0.56;0.78;0.65;-;-;-;-;-;-;-;-;0.07;0.98;0.10;0.51;-0,05;1.20;0.0001;0.68;-;-;-;-;-;-;-;;;;
Social Sciences;Classification -  XGBoost;LOOCV;Race;-;-;-;-;-;-;-;-;0.67;-;-;-;-;-;-;-;-;-;-;-;-;-;-;-;-;-;-;-;-;-;-;;;;
Social Sciences;Classification -  XGBoost;Binarize;Race;390;223;298;471;0.62;0.61;0.67;0.64;-;-;-;-;-;-;-;-;-0,002;0.84;0.24;0.58;-0,13;1.66;0.002;0.55;-;-;-;-;-;-;-;;;;
Social Sciences;Classification -  XGBoost;SelectBest;Race;473;242;215;452;0.66;0.67;0.65;0.66;-;-;-;-;-;-;-;-;0.08;1.08;0.20;0.58;-0,02;1.69;0.001;0.48;-;-;-;-;-;-;-;;;;
Social Sciences;Classification -  XGBoost;SimpleImputer;Race;552;227;237;427;0.67;0.64;0.65;0.64;-;-;-;-;-;-;-;-;0.05;0.94;0.17;0.56;-0,13;1.64;0.0004;0.46;-;-;-;-;-;-;-;;;;
Economics and Business;Classification - Random Forest;LabelEncoder;Sex;4161;540;342;990;0.85;0.74;0.64;0.69;-;-;-;-;-;-;-;-;-0,10;0.39;0.07;0.39;0.01;0.31;2.50e-05;0.22;-;-;-;-;-;-;-;;;;
Economics and Business;Classification - Random Forest;Oversample;Sex;4024;459;479;1071;0.84;0.69;0.7;0.69;-;-;-;-;-;-;-;-;-0,09;0.37;0.08;0.39;0.009;0.32;1.90e-05;0.25;-;-;-;-;-;-;-;;;;
Economics and Business;Classification - Random Forest;Undersample;Sex;3623;239;880;1291;0.81;0.59;0.84;0.69;-;-;-;-;-;-;-;-;-0,05;0.37;0.13;0.37;0.01;0.33;0.0008;0.35;-;-;-;-;-;-;-;;;;
Economics and Business;Classification - Random Forest;IterativeImputer;Sex;4615;572;327;999;0.86;0.75;0.63;0.68;-;-;-;-;-;-;-;-;-0,08;0.45;0.11;0.38;0.04;0.28;4.66e-06;0.20;-;-;-;-;-;-;-;;;;
Economics and Business;Classification - Random Forest;Regularization;Sex;4339;1019;164;511;0.80;0.75;0.33;0.46;-;-;-;-;-;-;-;-;-0,13;0.44;0.15;0.48;0.10;0.12;0.0007;0.11;-;-;-;-;-;-;-;;;;
Economics and Business;Classification - Random Forest;Mutation testing;Sex;4304;684;720;1325;0.80;0.64;0.65;0.65;-;-;-;-;-;-;-;-;-0,08;0.76;0.03;0.44;0.13;0.64;0.0001;0.29;-;-;-;-;-;-;-;;;;
Economics and Business;Classification - Random Forest;SelectBest;Sex;4141;575;362;955;0.84;0.72;0.62;0.67;-;-;-;-;-;-;-;-;-0,10;0.41;0.07;0.40;0.05;0.33;6.15e-05;0.21;-;-;-;-;-;-;-;;;;
Economics and Business;Classification - Random Forest;SimpleImputer;Sex;4615;572;327;999;0.86;0.75;0.63;0.68;-;-;-;-;-;-;-;-;-0,08;0.45;0.11;0.38;0.04;0.28;4.66e-06;0.20;-;-;-;-;-;-;-;;;;
Economics and Business;Classification - Random Forest;LabelEncoder;Race;4161;540;342;990;0.85;0.74;0.64;0.69;-;-;-;-;-;-;-;-;-0,06;0.50;0.04;0.39;-0,01;0.45;2.59e-06;0.22;-;-;-;-;-;-;-;;;;
Economics and Business;Classification - Random Forest;Oversample;Race;4024;459;479;1071;0.84;0.69;0.7;0.69;-;-;-;-;-;-;-;-;-0,05;0.49;0.05;0.39;-0,01;0.45;7.54e-06;0.25;-;-;-;-;-;-;-;;;;
Economics and Business;Classification - Random Forest;Undersample;Race;3623;239;880;1291;0.81;0.59;0.84;0.69;-;-;-;-;-;-;-;-;-0,05;0.41;0.09;0.37;-0,04;0.49;0.0001;0.35;-;-;-;-;-;-;-;;;;
Economics and Business;Classification - Random Forest;IterativeImputer;Race;4615;572;327;999;0.86;0.75;0.63;0.68;-;-;-;-;-;-;-;-;-0,07;0.44;0.04;0.38;0.003;0.40;1.38e-05;0.20;-;-;-;-;-;-;-;;;;
Economics and Business;Classification - Random Forest;Regularization;Race;4339;1019;164;511;0.80;0.75;0.33;0.46;-;-;-;-;-;-;-;-;-0,09;0.53;0.07;0.48;-0,05;0.30;0.0001;0.11;-;-;-;-;-;-;-;;;;
Economics and Business;Classification - Random Forest;Mutation testing;Race;4300;673;708;1352;0.80;0.65;0.66;0.66;-;-;-;-;-;-;-;-;0.01;1.56;0.10;0.44;0.16;1.51;0.0008;0.29;-;-;-;-;-;-;-;;;;
Economics and Business;Classification - Random Forest;SelectBest;Race;4141;575;362;955;0.84;0.72;0.62;0.67;-;-;-;-;-;-;-;-;-0,07;0.50;0.02;0.40;0.009;0.50;2.19e-05;0.21;-;-;-;-;-;-;-;;;;
Economics and Business;Classification - Random Forest;SimpleImputer;Race;4615;572;327;999;0.86;0.75;0.63;0.68;-;-;-;-;-;-;-;-;-0,07;0.44;0.04;0.38;0.003;0.40;1.38e-05;0.20;-;-;-;-;-;-;-;;;;
Economics and Business;Classification - Logistic Regression;LabelEncoder;Sex;4363;1109;140;421;0.79;0.75;0.27;0.40;-;-;-;-;-;-;-;-;-0,18;0.40;0.02;0.50;0.23;0.59;0.004;0.09;-;-;-;-;-;-;-;;;;
Economics and Business;Classification - Logistic Regression;Oversample;Sex;3452;602;1051;928;0.72;0.46;0.60;0.52;-;-;-;-;-;-;-;-;-0,12;0.65;0.11;0.48;0.23;0.52;4.89e-05;0.32;-;-;-;-;-;-;-;;;;
Economics and Business;Classification - Logistic Regression;Undersample;Sex;3269;644;1234;886;0.68;0.41;0.57;0.48;-;-;-;-;-;-;-;-;-0,14;0.76;0.06;0.50;0.25;0.66;0.0005;0.35;-;-;-;-;-;-;-;;;;
Economics and Business;Classification - Logistic Regression;IterativeImputer;Sex;4712;1108;230;463;0.79;0.66;0.29;0.40;-;-;-;-;-;-;-;-;-0,15;0.46;0.03;0.50;0.27;0.46;0.002;0.10;-;-;-;-;-;-;-;;;;
Economics and Business;Classification - Logistic Regression;Regularization;Sex;4339;1019;164;511;0.80;0.75;0.33;0.46;-;-;-;-;-;-;-;-;-0,13;0.44;0.15;0.48;0.10;0.12;0.0007;0.11;-;-;-;-;-;-;-;;;;
Economics and Business;Classification - Logistic Regression;Mutation testing;Sex;4363;1109;626;935;0.75;0.59;0.45;0.51;-;-;-;-;-;-;-;-;-0,18;0.64;0.17;0.52;0.11;1.25;0.005;0.22;-;-;-;-;-;-;-;;;;
Economics and Business;Classification - Logistic Regression;LOOCV;Sex;-;-;-;-;-;-;-;-;0.78;-;-;-;-;-;-;-;-;-;-;-;-;-;-;-;-;-;-;-;-;-;-;;;;
Economics and Business;Classification - Logistic Regression;SelectBest;Sex;4271;823;232;707;0.82;0.75;0.46;0.57;-;-;-;-;-;-;-;-;-0,11;0.42;0.14;0.45;-0,02;0.18;0.0001;0.15;-;-;-;-;-;-;-;;;;
Economics and Business;Classification - Logistic Regression;SimpleImputer;Sex;4712;1108;230;463;0.79;0.66;0.29;0.40;-;-;-;-;-;-;-;-;-0,15;0.46;0.03;0.50;0.27;0.46;0.002;0.10;-;-;-;-;-;-;-;;;;
Economics and Business;Classification - Logistic Regression;LabelEncoder;Race;4363;1109;140;421;0.79;0.75;0.27;0.40;-;-;-;-;-;-;-;-;-0,12;0.49;0.03;0.50;0.07;0.68;0.0006;0.09;-;-;-;-;-;-;-;;;;
Economics and Business;Classification - Logistic Regression;Oversample;Race;3452;602;1051;928;0.72;0.46;0.60;0.52;-;-;-;-;-;-;-;-;-0,09;0.55;0.07;0.48;0.03;0.56;8.53e-06;0.32;-;-;-;-;-;-;-;;;;
Economics and Business;Classification - Logistic Regression;Undersample;Race;3269;644;1234;886;0.68;0.41;0.57;0.48;-;-;-;-;-;-;-;-;-0,1;0.65;0.06;0.50;0.08;0.65;2.87e-06;0.35;-;-;-;-;-;-;-;;;;
Economics and Business;Classification - Logistic Regression;IterativeImputer;Race;4712;1108;230;463;0.79;0.66;0.29;0.40;-;-;-;-;-;-;-;-;-0,12;0.45;0.02;0.50;0.08;0.54;0.0005;0.10;-;-;-;-;-;-;-;;;;
Economics and Business;Classification - Logistic Regression;Regularization;Race;4339;1019;164;511;0.80;0.75;0.33;0.46;-;-;-;-;-;-;-;-;-0,09;0.53;0.07;0.48;-0,05;0.30;0.0001;0.11;-;-;-;-;-;-;-;;;;
Economics and Business;Classification - Logistic Regression;Mutation testing;Race;4363;1109;639;922;0.75;0.59;0.45;0.51;-;-;-;-;-;-;-;-;-0,12;1.18;0.36;0.52;0.10;2.92;0.007;0.22;-;-;-;-;-;-;-;;;;
Economics and Business;Classification - Logistic Regression;LOOCV;Race;-;-;-;-;-;-;-;-;0.78;-;-;-;-;-;-;-;-;-;-;-;-;-;-;-;-;-;-;-;-;-;-;;;;
Economics and Business;Classification - Logistic Regression;SelectBest;Race;214;39;17;26;0.80;0.60;0.4;0.48;-;-;-;-;-;-;-;-;-0,07;0.43;0.25;0.46;-0,39;0.0;1.46e-05;0.14;-;-;-;-;-;-;-;;;;
Economics and Business;Classification - Logistic Regression;SimpleImputer;Race;4712;1108;230;463;0.79;0.66;0.29;0.40;-;-;-;-;-;-;-;-;-0,12;0.45;0.02;0.50;0.08;0.54;0.0005;0.10;-;-;-;-;-;-;-;;;;
Economics and Business;Classification -  XGBoost;LabelEncoder;Sex;4209;482;294;1048;0.87;0.78;0.68;0.72;-;-;-;-;-;-;-;-;-0,08;0.44;0.08;0.36;0.05;0.32;2.97e-05;0.22;-;-;-;-;-;-;-;;;;
Economics and Business;Classification -  XGBoost;Oversample;Sex;3757;255;746;1275;0.83;0.63;0.83;0.71;-;-;-;-;-;-;-;-;-0,05;0.36;0.13;0.36;-0,003;0.31;0.0007;0.33;-;-;-;-;-;-;-;;;;
Economics and Business;Classification -  XGBoost;Undersample;Sex;3645;222;858;1308;0.82;0.60;0.85;0.70;-;-;-;-;-;-;-;-;-0,05;0.39;0.13;0.37;0.02;0.33;0.0008;0.35;-;-;-;-;-;-;-;;;;
Economics and Business;Classification -  XGBoost;IterativeImputer;Sex;4616;504;326;1067;0.87;0.76;0.67;0.71;-;-;-;-;-;-;-;-;-0,08;0.43;0.08;0.36;0.03;0.32;1.12e-05;0.21;-;-;-;-;-;-;-;;;;
Economics and Business;Classification -  XGBoost;Regularization;Sex;4339;1019;164;511;0.80;0.75;0.33;0.46;-;-;-;-;-;-;-;-;-0,13;0.44;0.15;0.48;0.10;0.12;0.0007;0.11;-;-;-;-;-;-;-;;;;
Economics and Business;Classification -  XGBoost;Mutation testing;Sex;4894;1808;116;215;0.72;0.64;0.10;0.18;-;-;-;-;-;-;-;-;-0,13;0.59;0.01;0.61;0.09;0.52;0.002;0.04;-;-;-;-;-;-;-;;;;
Economics and Business;Classification -  XGBoost;LOOCV;Sex;-;-;-;-;-;-;-;-;0.86;-;-;-;-;-;-;-;-;-;-;-;-;-;-;-;-;-;-;-;-;-;-;;;;
Economics and Business;Classification -  XGBoost;SelectBest;Sex;4231;551;272;979;0.86;0.78;0.63;0.70;-;-;-;-;-;-;-;-;-0,1;0.40;0.05;0.38;0.03;0.33;0.0001;0.20;-;-;-;-;-;-;-;;;;
Economics and Business;Classification -  XGBoost;SimpleImputer;Sex;4616;504;326;1067;0.87;0.76;0.67;0.71;-;-;-;-;-;-;-;-;-0,08;0.43;0.08;0.36;0.03;0.32;1.12e-05;0.21;-;-;-;-;-;-;-;;;;
Economics and Business;Classification -  XGBoost;LabelEncoder;Race;4209;482;294;1048;0.87;0.78;0.68;0.72;-;-;-;-;-;-;-;-;-0,05;0.56;0.03;0.36;0.04;0.50;1.67e-05;0.22;-;-;-;-;-;-;-;;;;
Economics and Business;Classification -  XGBoost;Oversample;Race;3757;255;746;1275;0.83;0.63;0.83;0.71;-;-;-;-;-;-;-;-;-0,03;0.45;0.08;0.36;-0,03;0.44;0.0001;0.33;-;-;-;-;-;-;-;;;;
Economics and Business;Classification -  XGBoost;Undersample;Race;3645;222;858;1308;0.82;0.60;0.85;0.70;-;-;-;-;-;-;-;-;-0,04;0.43;0.07;0.37;-0,03;0.47;0.0001;0.35;-;-;-;-;-;-;-;;;;
Economics and Business;Classification -  XGBoost;IterativeImputer;Race;4616;504;326;1067;0.87;0.76;0.67;0.71;-;-;-;-;-;-;-;-;-0,06;0.43;0.02;0.36;0.01;0.44;1.92e-05;0.21;-;-;-;-;-;-;-;;;;
Economics and Business;Classification -  XGBoost;Regularization;Race;4339;1019;164;511;0.80;0.75;0.33;0.46;-;-;-;-;-;-;-;-;-0,09;0.53;0.07;0.48;-0,05;0.30;0.0001;0.11;-;-;-;-;-;-;-;;;;
Economics and Business;Classification -  XGBoost;Mutation testing;Race;4910;1796;111;216;0.72;0.66;0.10;0.18;-;-;-;-;-;-;-;-;0.03;1.15;0.02;0.60;0.08;0.83;0.0001;0.04;-;-;-;-;-;-;-;;;;
Economics and Business;Classification -  XGBoost;LOOCV;Race;-;-;-;-;-;-;-;-;0.86;-;-;-;-;-;-;-;-;-;-;-;-;-;-;-;-;-;-;-;-;-;-;;;;
Economics and Business;Classification -  XGBoost;SelectBest;Race;4231;551;272;979;0.86;0.78;0.63;0.70;-;-;-;-;-;-;-;-;-0,05;0.56;0.07;0.38;-0,006;0.41;1.21e-06;0.20;-;-;-;-;-;-;-;;;;
Economics and Business;Classification -  XGBoost;SimpleImputer;Race;4616;504;326;1067;0.87;0.76;0.67;0.71;-;-;-;-;-;-;-;-;-0,06;0.43;0.02;0.36;0.01;0.44;1.92e-05;0.21;-;-;-;-;-;-;-;;;;
Economics and Business;Anomaly detection -  ISODepth;LabelEncoder;Sex;-;-;-;-;-;-;-;-;-;712;-;-;-;-;-;-;-0,16;1.16;0.20;0.33;0.22;0.85;0.0002;0.88;-;-;-;-;-;-;-;;;;
Economics and Business;Anomaly detection -  ISODepth;Oversample;Sex;-;-;-;-;-;-;-;-;-;878;-;-;-;-;-;-;-0,12;1.05;0.21;0.33;0.21;0.78;3.35e-06;0.85;-;-;-;-;-;-;-;;;;
Economics and Business;Anomaly detection -  ISODepth;Undersample;Sex;-;-;-;-;-;-;-;-;-;892;-;-;-;-;-;-;-0,14;1.08;0.17;0.33;0.21;0.81;8.60e-05;0.85;-;-;-;-;-;-;-;;;;
Economics and Business;Anomaly detection -  ISODepth;IterativeImputer;Sex;-;-;-;-;-;-;-;-;-;866;-;-;-;-;-;-;-0,25;1.08;0.12;0.33;0.19;0.87;0.0002;0.86;-;-;-;-;-;-;-;;;;
Economics and Business;Anomaly detection -  ISODepth;Regularization;Sex;-;-;-;-;-;-;-;-;-;712;-;-;-;-;-;-;-0,13;0.44;0.15;0.48;0.10;0.12;0.0007;0.11;-;-;-;-;-;-;-;;;;
Economics and Business;Anomaly detection -  ISODepth;Mutation testing;Sex;-;-;-;-;-;-;-;-;-;1710;-;-;-;-;-;-;-0,08;1.10;0.31;0.45;0.22;0.76;0.0001;0.75;-;-;-;-;-;-;-;;;;
Economics and Business;Anomaly detection -  ISODepth;LOOCV;Sex;-;-;-;-;-;-;-;-;0.21;712;-;-;-;-;-;-;-;-;-;-;-;-;-;-;-;-;-;-;-;-;-;;;;
Economics and Business;Anomaly detection -  ISODepth;SelectBest;Sex;-;-;-;-;-;-;-;-;-;946;-;-;-;-;-;-;-0,25;1.09;0.23;0.36;0.22;0.82;0.0001;0.84;-;-;-;-;-;-;-;;;;
Economics and Business;Anomaly detection -  ISODepth;SimpleImputer;Sex;-;-;-;-;-;-;-;-;-;866;-;-;-;-;-;-;-0,25;1.08;0.12;0.33;0.19;0.87;0.0002;0.86;-;-;-;-;-;-;-;;;;
Economics and Business;Anomaly detection -  ISODepth;LabelEncoder;Race;-;-;-;-;-;-;-;-;-;712;-;-;-;-;-;-;-0,18;0.79;0.42;0.33;0.15;0.59;0.0009;0.88;-;-;-;-;-;-;-;;;;
Economics and Business;Anomaly detection -  ISODepth;Oversample;Race;-;-;-;-;-;-;-;-;-;878;-;-;-;-;-;-;-0,1;0.54;0.51;0.33;0.10;0.39;0.002;0.85;-;-;-;-;-;-;-;;;;
Economics and Business;Anomaly detection -  ISODepth;Undersample;Race;-;-;-;-;-;-;-;-;-;892;-;-;-;-;-;-;-0,1;0.55;0.51;0.33;0.11;0.39;0.002;0.85;-;-;-;-;-;-;-;;;;
Economics and Business;Anomaly detection -  ISODepth;IterativeImputer;Race;-;-;-;-;-;-;-;-;-;866;-;-;-;-;-;-;-0,22;0.63;0.44;0.33;0.13;0.49;0.001;0.86;-;-;-;-;-;-;-;;;;
Economics and Business;Anomaly detection -  ISODepth;Regularization;Race;-;-;-;-;-;-;-;-;-;712;-;-;-;-;-;-;-0,09;0.53;0.07;0.48;-0,05;0.30;0.0001;0.11;-;-;-;-;-;-;-;;;;
Economics and Business;Anomaly detection -  ISODepth;Mutation testing;Race;-;-;-;-;-;-;-;-;-;1712;-;-;-;-;-;-;-0,05;0.76;0.58;0.45;0.15;0.34;0.009;0.75;-;-;-;-;-;-;-;;;;
Economics and Business;Anomaly detection -  ISODepth;LOOCV;Race;-;-;-;-;-;-;-;-;0.21;712;-;-;-;-;-;-;-;-;-;-;-;-;-;-;-;-;-;-;-;-;-;;;;
Economics and Business;Anomaly detection -  ISODepth;SelectBest;Race;-;-;-;-;-;-;-;-;-;946;-;-;-;-;-;-;-0,35;0.43;0.56;0.36;0.07;0.30;0.004;0.84;-;-;-;-;-;-;-;;;;
Economics and Business;Anomaly detection -  ISODepth;SimpleImputer;Race;-;-;-;-;-;-;-;-;-;866;-;-;-;-;-;-;-0,22;0.63;0.44;0.33;0.13;0.49;0.001;0.86;-;-;-;-;-;-;-;;;;
Economics and Business;Anomaly detection -  LOF;LabelEncoder;Sex;-;-;-;-;-;-;-;-;-;644;-;-;-;-;-;-;-0,26;1.21;0.008;0.36;0.18;1.05;0.002;0.89;-;-;-;-;-;-;-;;;;
Economics and Business;Anomaly detection -  LOF;Oversample;Sex;-;-;-;-;-;-;-;-;-;644;-;-;-;-;-;-;-0,26;1.21;0.008;0.36;0.18;1.05;0.002;0.89;-;-;-;-;-;-;-;;;;
Economics and Business;Anomaly detection -  LOF;Undersample;Sex;-;-;-;-;-;-;-;-;-;644;-;-;-;-;-;-;-0,26;1.21;0.008;0.36;0.18;1.05;0.002;0.89;-;-;-;-;-;-;-;;;;
Economics and Business;Anomaly detection -  LOF;IterativeImputer;Sex;-;-;-;-;-;-;-;-;-;639;-;-;-;-;-;-;-0,34;1.19;0.04;0.34;0.16;1.05;0.002;0.90;-;-;-;-;-;-;-;;;;
Economics and Business;Anomaly detection -  LOF;Regularization;Sex;-;-;-;-;-;-;-;-;-;644;-;-;-;-;-;-;-0,13;0.44;0.15;0.48;0.10;0.12;0.0007;0.11;-;-;-;-;-;-;-;;;;
Economics and Business;Anomaly detection -  LOF;Mutation testing;Sex;-;-;-;-;-;-;-;-;-;655;-;-;-;-;-;-;-0,26;1.15;0.04;0.36;0.12;1.05;0.001;0.90;-;-;-;-;-;-;-;;;;
Economics and Business;Anomaly detection -  LOF;SelectBest;Sex;-;-;-;-;-;-;-;-;-;401;-;-;-;-;-;-;-0,12;1.29;0.02;0.29;0.21;1.00;0.001;0.93;-;-;-;-;-;-;-;;;;
Economics and Business;Anomaly detection -  LOF;SimpleImputer;Sex;-;-;-;-;-;-;-;-;-;639;-;-;-;-;-;-;-0,34;1.19;0.04;0.34;0.16;1.05;0.002;0.90;-;-;-;-;-;-;-;;;;
Economics and Business;Anomaly detection -  LOF;LabelEncoder;Race;-;-;-;-;-;-;-;-;-;644;-;-;-;-;-;-;-0,13;1.14;0.01;0.36;0.12;1.03;0.0004;0.89;-;-;-;-;-;-;-;;;;
Economics and Business;Anomaly detection -  LOF;Oversample;Race;-;-;-;-;-;-;-;-;-;644;-;-;-;-;-;-;-0,13;1.14;0.01;0.36;0.12;1.03;0.0004;0.89;-;-;-;-;-;-;-;;;;
Economics and Business;Anomaly detection -  LOF;Undersample;Race;-;-;-;-;-;-;-;-;-;644;-;-;-;-;-;-;-0,13;1.14;0.01;0.36;0.12;1.03;0.0004;0.89;-;-;-;-;-;-;-;;;;
Economics and Business;Anomaly detection -  LOF;IterativeImputer;Race;-;-;-;-;-;-;-;-;-;639;-;-;-;-;-;-;-0,17;1.16;0.03;0.34;0.12;1.05;0.0005;0.90;-;-;-;-;-;-;-;;;;
Economics and Business;Anomaly detection -  LOF;Regularization;Race;-;-;-;-;-;-;-;-;-;644;-;-;-;-;-;-;-0,09;0.53;0.07;0.48;-0,05;0.30;0.0001;0.11;-;-;-;-;-;-;-;;;;
Economics and Business;Anomaly detection -  LOF;Mutation testing;Race;-;-;-;-;-;-;-;-;-;655;-;-;-;-;-;-;-0,11;0.96;0.08;0.36;-0,02;1.06;8.12e-05;0.90;-;-;-;-;-;-;-;;;;
Economics and Business;Anomaly detection -  LOF;SelectBest;Race;-;-;-;-;-;-;-;-;-;401;-;-;-;-;-;-;-0,002;1.18;0.03;0.29;0.14;0.99;0.0002;0.93;-;-;-;-;-;-;-;;;;
Economics and Business;Anomaly detection -  LOF;SimpleImputer;Race;-;-;-;-;-;-;-;-;-;639;-;-;-;-;-;-;-0,17;1.16;0.03;0.34;0.12;1.05;0.0005;0.90;-;-;-;-;-;-;-;;;;
Economics and Business;Clustering - k-means;LabelEncoder;Sex;-;-;-;-;-;-;-;-;-;-;0.55;-;-;-;-;-;-;-;-;-;-;-;-;-;220640.32;401304.33;14713.48;26757.50;-;-;-;;;;
Economics and Business;Clustering - k-means;IterativeImputer;Sex;-;-;-;-;-;-;-;-;-;-;0.55;-;-;-;-;-;-;-;-;-;-;-;-;-;220585.89;401147.96;14709.47;26749.90;-;-;-;;;;
Economics and Business;Clustering - k-means;SimpleImputer;Sex;-;-;-;-;-;-;-;-;-;-;0.55;-;-;-;-;-;-;-;-;-;-;-;-;-;220585.89;401147.96;14709.47;26749.89;-;-;-;;;;
Economics and Business;Clustering - k-means;StandardScaler;Sex;-;-;-;-;-;-;-;-;-;-;0.11;-;-;-;-;-;-;-;-;-;-;-;-;-;2.89;3.64;0.28;0.35;-;-;-;;;;
Economics and Business;Clustering - k-means;MinMaxScaler;Sex;-;-;-;-;-;-;-;-;-;-;0.32;-;-;-;-;-;-;-;-;-;-;-;-;-;1.18;1.44;0.07;0.11;-;-;-;;;;
Economics and Business;Clustering - k-means;LabelEncoder;Race;-;-;-;-;-;-;-;-;-;-;0.55;-;-;-;-;-;-;-;-;-;-;-;-;-;220640.32;401304.33;14713.48;26757.50;-;-;-;;;;
Economics and Business;Clustering - k-means;IterativeImputer;Race;-;-;-;-;-;-;-;-;-;-;0.55;-;-;-;-;-;-;-;-;-;-;-;-;-;220585.89;401147.96;14709.47;26749.90;-;-;-;;;;
Economics and Business;Clustering - k-means;SimpleImputer;Race;-;-;-;-;-;-;-;-;-;-;0.55;-;-;-;-;-;-;-;-;-;-;-;-;-;220585.89;401147.96;14709.47;26749.89;-;-;-;;;;
Economics and Business;Clustering - k-means;StandardScaler;Race;-;-;-;-;-;-;-;-;-;-;0.11;-;-;-;-;-;-;-;-;-;-;-;-;-;2.89;3.64;0.28;0.35;-;-;-;;;;
Economics and Business;Clustering - k-means;MinMaxScaler;Race;-;-;-;-;-;-;-;-;-;-;0.32;-;-;-;-;-;-;-;-;-;-;-;-;-;1.18;1.44;0.07;0.11;-;-;-;;;;
Economics and Business;Clustering - k-center;LabelEncoder;Sex;-;-;-;-;-;-;-;-;-;-;0.56;-;-;-;-;-;-;-;-;-;-;-;-;-;627126.75;1407190.67;43768.96;93959.39;-;-;-;;;;
Economics and Business;Clustering - k-center;IterativeImputer;Sex;-;-;-;-;-;-;-;-;-;-;0.56;-;-;-;-;-;-;-;-;-;-;-;-;-;627126.75;1407190.67;43769.00;93959.39;-;-;-;;;;
Economics and Business;Clustering - k-center;SimpleImputer;Sex;-;-;-;-;-;-;-;-;-;-;0.56;-;-;-;-;-;-;-;-;-;-;-;-;-;627126.75;1407190.67;43769.00;93959.39;-;-;-;;;;
Economics and Business;Clustering - k-center;StandardScaler;Sex;-;-;-;-;-;-;-;-;-;-;0.27;-;-;-;-;-;-;-;-;-;-;-;-;-;15.52;21.31;0.94;1.68;-;-;-;;;;
Economics and Business;Clustering - k-center;MinMaxScaler;Sex;-;-;-;-;-;-;-;-;-;-;0.12;-;-;-;-;-;-;-;-;-;-;-;-;-;2.06;2.40;0.19;0.41;-;-;-;;;;
Economics and Business;Clustering - k-center;LabelEncoder;Race;-;-;-;-;-;-;-;-;-;-;0.56;-;-;-;-;-;-;-;-;-;-;-;-;-;627126.75;1407190.67;43768.96;93959.39;-;-;-;;;;
Economics and Business;Clustering - k-center;IterativeImputer;Race;-;-;-;-;-;-;-;-;-;-;0.56;-;-;-;-;-;-;-;-;-;-;-;-;-;627126.75;1407190.67;43769.00;93959.39;-;-;-;;;;
Economics and Business;Clustering - k-center;SimpleImputer;Race;-;-;-;-;-;-;-;-;-;-;0.56;-;-;-;-;-;-;-;-;-;-;-;-;-;627126.75;1407190.67;43769.00;93959.39;-;-;-;;;;
Economics and Business;Clustering - k-center;StandardScaler;Race;-;-;-;-;-;-;-;-;-;-;0.27;-;-;-;-;-;-;-;-;-;-;-;-;-;15.52;21.31;0.94;1.68;-;-;-;;;;
Economics and Business;Clustering - k-center;MinMaxScaler;Race;-;-;-;-;-;-;-;-;-;-;0.12;-;-;-;-;-;-;-;-;-;-;-;-;-;2.06;2.40;0.19;0.41;-;-;-;;;;
Economics and Business;Clustering - k-median;LabelEncoder;Sex;-;-;-;-;-;-;-;-;-;-;0.52;-;-;-;-;-;-;-;-;-;-;-;-;-;161629.00;361879.00;10775.40;24125.46;-;-;-;;;;
Economics and Business;Clustering - k-median;IterativeImputer;Sex;-;-;-;-;-;-;-;-;-;-;0.50;-;-;-;-;-;-;-;-;-;-;-;-;-;149001.33;337110.00;9933.58;22474.19;-;-;-;;;;
Economics and Business;Clustering - k-median;SimpleImputer;Sex;-;-;-;-;-;-;-;-;-;-;0.50;-;-;-;-;-;-;-;-;-;-;-;-;-;149001.33;337110.00;9933.58;22474.19;-;-;-;;;;
Economics and Business;Clustering - k-median;StandardScaler;Sex;-;-;-;-;-;-;-;-;-;-;0.11;-;-;-;-;-;-;-;-;-;-;-;-;-;3.85;4.97;0.32;0.64;-;-;-;;;;
Economics and Business;Clustering - k-median;MinMaxScaler;Sex;-;-;-;-;-;-;-;-;-;-;0.17;-;-;-;-;-;-;-;-;-;-;-;-;-;1.04;1.60;0.06;0.11;-;-;-;;;;
Economics and Business;Clustering - k-median;LabelEncoder;Race;-;-;-;-;-;-;-;-;-;-;0.52;-;-;-;-;-;-;-;-;-;-;-;-;-;161629.00;361879.00;10775.40;24125.46;-;-;-;;;;
Economics and Business;Clustering - k-median;IterativeImputer;Race;-;-;-;-;-;-;-;-;-;-;0.50;-;-;-;-;-;-;-;-;-;-;-;-;-;149001.33;337110.00;9933.58;22474.19;-;-;-;;;;
Economics and Business;Clustering - k-median;SimpleImputer;Race;-;-;-;-;-;-;-;-;-;-;0.50;-;-;-;-;-;-;-;-;-;-;-;-;-;149001.33;337110.00;9933.58;22474.19;-;-;-;;;;
Economics and Business;Clustering - k-median;StandardScaler;Race;-;-;-;-;-;-;-;-;-;-;0.11;-;-;-;-;-;-;-;-;-;-;-;-;-;3.85;4.97;0.32;0.64;-;-;-;;;;
Economics and Business;Clustering - k-median;MinMaxScaler;Race;-;-;-;-;-;-;-;-;-;-;0.17;-;-;-;-;-;-;-;-;-;-;-;-;-;1.04;1.60;0.06;0.11;-;-;-;;;;
Marketing;Classification - RP + Random Forest;LabelEncoder;Age;7038;442;265;493;0.91;0.65;0.52;0.58;-;-;-;-;-;-;-;-;-0,001;1.02;0.02;0.29;-0,001;1.16;7.03e-06;0.09;-;-;-;-;-;-;-;;;;
Marketing;Classification - RP + Random Forest;Oversample;Age;6881;349;422;586;0.90;0.58;0.62;0.60;-;-;-;-;-;-;-;-;-0,006;1.00;0.009;0.30;0.04;1.00;1.46e-05;0.12;-;-;-;-;-;-;-;;;;
Marketing;Classification - RP + Random Forest;Undersample;Age;6151;61;1152;874;0.85;0.43;0.93;0.59;-;-;-;-;-;-;-;-;-0,003;1.02;0.01;0.31;0.005;1.03;8.44e-06;0.24;-;-;-;-;-;-;-;;;;
Marketing;Classification - RP + Random Forest;IterativeImputer;Age;7046;451;257;484;0.91;0.65;0.51;0.57;-;-;-;-;-;-;-;-;0.003;1.08;0.01;0.29;0.03;1.01;6.71e-08;0.08;-;-;-;-;-;-;-;;;;
Marketing;Classification - RP + Random Forest;Regularization;Age;7161;645;142;290;0.90;0.67;0.31;0.42;-;-;-;-;-;-;-;-;0.0009;1.05;0.006;0.32;0.04;1.11;2.25e-06;0.05;-;-;-;-;-;-;-;;;;
Marketing;Classification - RP + Random Forest;Mutation testing;Age;7551;943;263;481;0.86;0.64;0.33;0.44;-;-;-;-;-;-;-;-;-0,005;0.96;0.01;0.38;0.02;0.90;2.42e-06;0.08;-;-;-;-;-;-;-;;;;
Marketing;Classification - RP + Random Forest;SelectBest;Age;6963;452;340;483;0.90;0.58;0.51;0.54;-;-;-;-;-;-;-;-;-0,006;0.98;0.02;0.31;0.01;1.09;1.73e-05;0.09;-;-;-;-;-;-;-;;;;
Marketing;Classification - RP + Random Forest;LabelEncoder;Marital;7037;452;266;483;0.91;0.64;0.51;0.57;-;-;-;-;-;-;-;-;-0,01;0.84;0.02;0.30;-0,01;0.96;1.95e-05;0.09;-;-;-;-;-;-;-;;;;
Marketing;Classification - RP + Random Forest;Oversample;Marital;6918;346;385;589;0.91;0.60;0.62;0.61;-;-;-;-;-;-;-;-;-0,0009;0.95;0.01;0.29;-0,03;1.01;3.83e-07;0.11;-;-;-;-;-;-;-;;;;
Marketing;Classification - RP + Random Forest;Undersample;Marital;6132;55;1171;880;0.85;0.42;0.94;0.58;-;-;-;-;-;-;-;-;0.002;1.04;0.008;0.31;-0,01;1.06;7.00e-07;0.24;-;-;-;-;-;-;-;;;;
Marketing;Classification - RP + Random Forest;IterativeImputer;Marital;7037;460;266;475;0.91;0.64;0.50;0.56;-;-;-;-;-;-;-;-;-0,002;0.90;0.01;0.30;-0,05;0.95;3.02e-06;0.08;-;-;-;-;-;-;-;;;;
Marketing;Classification - RP + Random Forest;Regularization;Marital;7160;645;143;290;0.90;0.66;0.31;0.42;-;-;-;-;-;-;-;-;-0,003;0.95;0.04;0.32;-0,06;1.24;3.48e-06;0.05;-;-;-;-;-;-;-;;;;
Marketing;Classification - RP + Random Forest;Mutation testing;Marital;7538;975;250;483;0.86;0.65;0.33;0.44;-;-;-;-;-;-;-;-;-0,02;0.88;0.02;0.38;0.05;1.08;0.0001;0.07;-;-;-;-;-;-;-;;;;
Marketing;Classification - RP + Random Forest;SelectBest;Marital;6936;436;367;499;0.90;0.57;0.53;0.55;-;-;-;-;-;-;-;-;0.01;1.17;0.04;0.31;0.03;0.97;1.55e-05;0.10;-;-;-;-;-;-;-;;;;
Marketing;Clustering - k-means;LabelEncoder;Age;-;-;-;-;-;-;-;-;-;-;0.56;-;-;-;-;-;-;-;-;-;-;-;-;-;901.31;1316.89;50.36;95.23;-;-;-;;;;
Marketing;Clustering - k-means;IterativeImputer;Age;-;-;-;-;-;-;-;-;-;-;0.56;-;-;-;-;-;-;-;-;-;-;-;-;-;901.31;1316.89;50.36;95.23;-;-;-;;;;
Marketing;Clustering - k-means;SimpleImputer;Age;-;-;-;-;-;-;-;-;-;-;0.56;-;-;-;-;-;-;-;-;-;-;-;-;-;901.31;1316.89;50.36;95.23;-;-;-;;;;
Marketing;Clustering - k-means;StandardScaler;Age;-;-;-;-;-;-;-;-;-;-;0.44;-;-;-;-;-;-;-;-;-;-;-;-;-;22.29;27.18;1.00;1.37;-;-;-;;;;
Marketing;Clustering - k-means;MinMaxScaler;Age;-;-;-;-;-;-;-;-;-;-;0.19;-;-;-;-;-;-;-;-;-;-;-;-;-;1.29;1.58;0.11;0.16;-;-;-;;;;
Marketing;Clustering - k-means;LabelEncoder;Marital;-;-;-;-;-;-;-;-;-;-;0.56;-;-;-;-;-;-;-;-;-;-;-;-;-;901.31;1316.89;50.36;95.23;-;-;-;;;;
Marketing;Clustering - k-means;IterativeImputer;Marital;-;-;-;-;-;-;-;-;-;-;0.56;-;-;-;-;-;-;-;-;-;-;-;-;-;901.31;1316.89;50.36;95.23;-;-;-;;;;
Marketing;Clustering - k-means;SimpleImputer;Marital;-;-;-;-;-;-;-;-;-;-;0.56;-;-;-;-;-;-;-;-;-;-;-;-;-;901.31;1316.89;50.36;95.23;-;-;-;;;;
Marketing;Clustering - k-means;StandardScaler;Marital;-;-;-;-;-;-;-;-;-;-;0.44;-;-;-;-;-;-;-;-;-;-;-;-;-;22.29;27.18;1.00;1.37;-;-;-;;;;
Marketing;Clustering - k-means;MinMaxScaler;Marital;-;-;-;-;-;-;-;-;-;-;0.19;-;-;-;-;-;-;-;-;-;-;-;-;-;1.29;1.58;0.11;0.16;-;-;-;;;;
Marketing;Clustering - k-center;LabelEncoder;Age;-;-;-;-;-;-;-;-;-;-;0.72;-;-;-;-;-;-;-;-;-;-;-;-;-;2668.79;4657.07;137.89;224.03;-;-;-;;;;
Marketing;Clustering - k-center;IterativeImputer;Age;-;-;-;-;-;-;-;-;-;-;0.74;-;-;-;-;-;-;-;-;-;-;-;-;-;2558.04;5017.70;138.51;291.81;-;-;-;;;;
Marketing;Clustering - k-center;SimpleImputer;Age;-;-;-;-;-;-;-;-;-;-;0.72;-;-;-;-;-;-;-;-;-;-;-;-;-;2668.79;4657.07;137.89;224.03;-;-;-;;;;
Marketing;Clustering - k-center;StandardScaler;Age;-;-;-;-;-;-;-;-;-;-;0.30;-;-;-;-;-;-;-;-;-;-;-;-;-;18.75;27.18;1.10;1.96;-;-;-;;;;
Marketing;Clustering - k-center;MinMaxScaler;Age;-;-;-;-;-;-;-;-;-;-;0.15;-;-;-;-;-;-;-;-;-;-;-;-;-;2.57;3.08;0.09;0.11;-;-;-;;;;
Marketing;Clustering - k-center;LabelEncoder;Marital;-;-;-;-;-;-;-;-;-;-;0.72;-;-;-;-;-;-;-;-;-;-;-;-;-;2668.79;4657.07;137.89;224.03;-;-;-;;;;
Marketing;Clustering - k-center;IterativeImputer;Marital;-;-;-;-;-;-;-;-;-;-;0.74;-;-;-;-;-;-;-;-;-;-;-;-;-;2558.04;5017.70;138.51;291.81;-;-;-;;;;
Marketing;Clustering - k-center;SimpleImputer;Marital;-;-;-;-;-;-;-;-;-;-;0.72;-;-;-;-;-;-;-;-;-;-;-;-;-;2668.79;4657.07;137.89;224.03;-;-;-;;;;
Marketing;Clustering - k-center;StandardScaler;Marital;-;-;-;-;-;-;-;-;-;-;0.30;-;-;-;-;-;-;-;-;-;-;-;-;-;18.75;27.18;1.10;1.96;-;-;-;;;;
Marketing;Clustering - k-center;MinMaxScaler;Marital;-;-;-;-;-;-;-;-;-;-;0.15;-;-;-;-;-;-;-;-;-;-;-;-;-;2.57;3.08;0.09;0.11;-;-;-;;;;
Marketing;Clustering - k-median;LabelEncoder;Age;-;-;-;-;-;-;-;-;-;-;0.28;-;-;-;-;-;-;-;-;-;-;-;-;-;391.35;719.01;18.78;34.49;-;-;-;;;;
Marketing;Clustering - k-median;IterativeImputer;Age;-;-;-;-;-;-;-;-;-;-;0.34;-;-;-;-;-;-;-;-;-;-;-;-;-;365.01;619.11;19.70;33.37;-;-;-;;;;
Marketing;Clustering - k-median;SimpleImputer;Age;-;-;-;-;-;-;-;-;-;-;0.28;-;-;-;-;-;-;-;-;-;-;-;-;-;391.35;719.01;18.78;34.49;-;-;-;;;;
Marketing;Clustering - k-median;StandardScaler;Age;-;-;-;-;-;-;-;-;-;-;0.07;-;-;-;-;-;-;-;-;-;-;-;-;-;4.56;5.08;0.26;0.46;-;-;-;;;;
Marketing;Clustering - k-median;MinMaxScaler;Age;-;-;-;-;-;-;-;-;-;-;0.16;-;-;-;-;-;-;-;-;-;-;-;-;-;1.60;2.16;0.08;0.12;-;-;-;;;;
Marketing;Clustering - k-median;LabelEncoder;Marital;-;-;-;-;-;-;-;-;-;-;0.28;-;-;-;-;-;-;-;-;-;-;-;-;-;391.35;719.01;18.78;34.49;-;-;-;;;;
Marketing;Clustering - k-median;IterativeImputer;Marital;-;-;-;-;-;-;-;-;-;-;0.34;-;-;-;-;-;-;-;-;-;-;-;-;-;365.01;619.11;19.70;33.37;-;-;-;;;;
Marketing;Clustering - k-median;SimpleImputer;Marital;-;-;-;-;-;-;-;-;-;-;0.28;-;-;-;-;-;-;-;-;-;-;-;-;-;391.35;719.01;18.78;34.49;-;-;-;;;;
Marketing;Clustering - k-median;StandardScaler;Marital;-;-;-;-;-;-;-;-;-;-;0.07;-;-;-;-;-;-;-;-;-;-;-;-;-;4.56;5.08;0.26;0.46;-;-;-;;;;
Marketing;Clustering - k-median;MinMaxScaler;Marital;-;-;-;-;-;-;-;-;-;-;0.16;-;-;-;-;-;-;-;-;-;-;-;-;-;1.60;2.16;0.08;0.12;-;-;-;;;;
Finance;Classification - Random Forest;LabelEncoder;Age;133;30;8;29;0.81;0.78;0.49;0.60;-;-;-;-;-;-;-;-;-0,2;0.46;0.20;0.47;0.09;1.79;0.006;0.18;-;-;-;-;-;-;-;;;;
Finance;Classification - Random Forest;SMOTE;Age;119;26;22;33;0.76;0.6;0.55;0.57;-;-;-;-;-;-;-;-;-0,16;0.92;0.22;0.49;0.36;1.88;0.008;0.27;-;-;-;-;-;-;-;;;;
Finance;Classification - Random Forest;Undersample;Age;101;15;40;44;0.72;0.52;0.74;0.61;-;-;-;-;-;-;-;-;-0,16;0.93;0.15;0.45;0.15;1.17;0.003;0.42;-;-;-;-;-;-;-;;;;
Finance;Classification - Random Forest;IterativeImputer;Age;133;30;8;29;0.81;0.78;0.49;0.60;-;-;-;-;-;-;-;-;-0,2;0.46;0.20;0.47;0.09;1.79;0.006;0.18;-;-;-;-;-;-;-;;;;
Finance;Classification - Random Forest;Regularization;Age;129;32;12;27;0.78;0.69;0.45;0.55;-;-;-;-;-;-;-;-;-0,17;0.55;0.10;0.50;-0,03;0.94;0.001;0.19;-;-;-;-;-;-;-;;;;
Finance;Classification - Random Forest;Mutation testing;Age;611;473;54;62;0.56;0.53;0.11;0.19;-;-;-;-;-;-;-;-;-0,08;0.83;0.05;0.86;-0,05;1.64;0.003;0.09;-;-;-;-;-;-;-;;;;
Finance;Classification - Random Forest;LOOCV;Age;-;-;-;-;-;-;-;-;0.77;-;-;-;-;-;-;-;-;-;-;-;-;-;-;-;-;-;-;-;-;-;-;;;;
Finance;Classification - Random Forest;SelectBest;Age;134;30;7;29;0.81;0.80;0.49;0.61;-;-;-;-;-;-;-;-;-0,16;0.54;0.13;0.46;0.11;1.25;0.003;0.18;-;-;-;-;-;-;-;;;;
Finance;Classification - Random Forest;SimpleImputer;Age;133;30;8;29;0.81;0.78;0.49;0.60;-;-;-;-;-;-;-;-;-0,2;0.46;0.20;0.47;0.09;1.79;0.006;0.18;-;-;-;-;-;-;-;;;;
Finance;Classification - Random Forest;LabelEncoder;Gender;133;30;8;29;0.81;0.78;0.49;0.60;-;-;-;-;-;-;-;-;-0,003;1.04;0.04;0.47;0.04;1.23;0.0001;0.18;-;-;-;-;-;-;-;;;;
Finance;Classification - Random Forest;SMOTE;Gender;122;27;19;32;0.77;0.62;0.54;0.58;-;-;-;-;-;-;-;-;-0,07;0.62;0.13;0.49;-0,17;1.17;0.0001;0.25;-;-;-;-;-;-;-;;;;
Finance;Classification - Random Forest;Undersample;Gender;101;15;40;44;0.72;0.52;0.74;0.61;-;-;-;-;-;-;-;-;-0,04;0.87;0.05;0.45;-0,05;1.08;4.89e-05;0.42;-;-;-;-;-;-;-;;;;
Finance;Classification - Random Forest;IterativeImputer;Gender;133;30;8;29;0.81;0.78;0.49;0.60;-;-;-;-;-;-;-;-;-0,003;1.04;0.04;0.47;0.04;1.23;0.0001;0.18;-;-;-;-;-;-;-;;;;
Finance;Classification - Random Forest;Regularization;Gender;129;32;12;27;0.78;0.69;0.45;0.55;-;-;-;-;-;-;-;-;-0,01;1.07;0.08;0.50;0.07;1.44;0.0005;0.19;-;-;-;-;-;-;-;;;;
Finance;Classification - Random Forest;Mutation testing;Gender;610;483;43;64;0.56;0.59;0.11;0.19;-;-;-;-;-;-;-;-;0.04;1.09;0.01;0.87;0.01;1.27;0.0001;0.08;-;-;-;-;-;-;-;;;;
Finance;Classification - Random Forest;LOOCV;Gender;-;-;-;-;-;-;-;-;0.77;-;-;-;-;-;-;-;-;-;-;-;-;-;-;-;-;-;-;-;-;-;-;;;;
Finance;Classification - Random Forest;SelectBest;Gender;134;30;7;29;0.81;0.80;0.49;0.61;-;-;-;-;-;-;-;-;0.02;1.23;0.03;0.46;0.11;1.13;1.53e-05;0.18;-;-;-;-;-;-;-;;;;
Finance;Classification - Random Forest;SimpleImputer;Gender;133;30;8;29;0.81;0.78;0.49;0.60;-;-;-;-;-;-;-;-;-0,003;1.04;0.04;0.47;0.04;1.23;0.0001;0.18;-;-;-;-;-;-;-;;;;
Finance;Classification - Logistic Regression;LabelEncoder;Age;128;30;13;29;0.78;0.69;0.49;0.57;-;-;-;-;-;-;-;-;-0,18;0.52;0.13;0.49;-0,03;1.04;0.002;0.21;-;-;-;-;-;-;-;;;;
Finance;Classification - Logistic Regression;SMOTE;Age;103;19;38;40;0.71;0.51;0.67;0.58;-;-;-;-;-;-;-;-;-0,18;1.07;0.26;0.47;0.27;1.75;0.009;0.39;-;-;-;-;-;-;-;;;;
Finance;Classification - Logistic Regression;Undersample;Age;88;15;53;44;0.66;0.45;0.74;0.56;-;-;-;-;-;-;-;-;-0,18;0.93;0.14;0.46;0.11;1.14;0.002;0.48;-;-;-;-;-;-;-;;;;
Finance;Classification - Logistic Regression;IterativeImputer;Age;128;30;13;29;0.78;0.69;0.49;0.57;-;-;-;-;-;-;-;-;-0,18;0.52;0.13;0.49;-0,03;1.04;0.002;0.21;-;-;-;-;-;-;-;;;;
Finance;Classification - Logistic Regression;Regularization;Age;129;32;12;27;0.78;0.69;0.45;0.55;-;-;-;-;-;-;-;-;-0,17;0.55;0.10;0.50;-0,03;0.94;0.001;0.19;-;-;-;-;-;-;-;;;;
Finance;Classification - Logistic Regression;Mutation testing;Age;441;348;195;216;0.54;0.52;0.38;0.44;-;-;-;-;-;-;-;-;-0,07;0.81;0.09;0.75;-0,12;1.05;8.61e-05;0.34;-;-;-;-;-;-;-;;;;
Finance;Classification - Logistic Regression;LOOCV;Age;-;-;-;-;-;-;-;-;0.76;-;-;-;-;-;-;-;-;-;-;-;-;-;-;-;-;-;-;-;-;-;-;;;;
Finance;Classification - Logistic Regression;SelectBest;Age;128;35;13;24;0.76;0.64;0.40;0.5;-;-;-;-;-;-;-;-;-0,18;0.53;0.13;0.53;-0,06;1.12;0.003;0.18;-;-;-;-;-;-;-;;;;
Finance;Classification - Logistic Regression;SimpleImputer;Age;128;30;13;29;0.78;0.69;0.49;0.57;-;-;-;-;-;-;-;-;-0,18;0.52;0.13;0.49;-0,03;1.04;0.002;0.21;-;-;-;-;-;-;-;;;;
Finance;Classification - Logistic Regression;LabelEncoder;Gender;128;30;13;29;0.78;0.69;0.49;0.57;-;-;-;-;-;-;-;-;-0,02;0.99;0.09;0.49;0.03;1.42;0.0005;0.21;-;-;-;-;-;-;-;;;;
Finance;Classification - Logistic Regression;SMOTE;Gender;104;20;37;39;0.71;0.51;0.66;0.57;-;-;-;-;-;-;-;-;-0,06;1.09;0.18;0.48;0.02;1.5;0.002;0.38;-;-;-;-;-;-;-;;;;
Finance;Classification - Logistic Regression;Undersample;Gender;88;15;53;44;0.66;0.45;0.74;0.56;-;-;-;-;-;-;-;-;-0,04; 0.99;0.07;0.46;-0,01;1.15;0.0002;0.48;-;-;-;-;-;-;-;;;;
Finance;Classification - Logistic Regression;IterativeImputer;Gender;128;30;13;29;0.78;0.69;0.49;0.57;-;-;-;-;-;-;-;-;-0,02;0.99;0.09;0.49;0.03;1.42;0.0005;0.21;-;-;-;-;-;-;-;;;;
Finance;Classification - Logistic Regression;Regularization;Gender;129;32;12;27;0.78;0.69;0.45;0.55;-;-;-;-;-;-;-;-;-0,01;1.07;0.08;0.50;0.07;1.44;0.0005;0.19;-;-;-;-;-;-;-;;;;
Finance;Classification - Logistic Regression;Mutation testing;Gender;458;317;200;225;0.56;0.52;0.41;0.44;-;-;-;-;-;-;-;-;-0,01;1.01;0.06;0.71;0.03;1.19;0.0008;0.35;-;-;-;-;-;-;-;;;;
Finance;Classification - Logistic Regression;LOOCV;Gender;-;-;-;-;-;-;-;-;0.76;-;-;-;-;-;-;-;-;-;-;-;-;-;-;-;-;-;-;-;-;-;-;;;;
Finance;Classification - Logistic Regression;SelectBest;Gender;128;35;13;24;0.76;0.64;0.40;0.5;-;-;-;-;-;-;-;-;0.01;1.05;0.01;0.53;0.01;1.08;2.00e-06;0.18;-;-;-;-;-;-;-;;;;
Finance;Classification - Logistic Regression;SimpleImputer;Gender;128;30;13;29;0.78;0.69;0.49;0.57;-;-;-;-;-;-;-;-;-0,02;0.99;0.09;0.49;0.03;1.42;0.0005;0.21;-;-;-;-;-;-;-;;;;
Finance;Classification - XGBoost;LabelEncoder;Age;124;27;17;32;0.78;0.65;0.54;0.59;-;-;-;-;-;-;-;-;-0,12;0.80;0.07;0.49;0.18;1.04;0.002;0.24;-;-;-;-;-;-;-;;;;
Finance;Classification - XGBoost;SMOTE;Age;120;22;21;37;0.78;0.63;0.62;0.63;-;-;-;-;-;-;-;-;-0,15;0.86;0.18;0.46;0.26;1.44;0.005;0.29;-;-;-;-;-;-;-;;;;
Finance;Classification - XGBoost;Undersample;Age;101;19;40;40;0.70;0.5;0.67;0.57;-;-;-;-;-;-;-;-;-0,15;0.95;0.13;0.48;0.16;1.17;0.003;0.4;-;-;-;-;-;-;-;;;;
Finance;Classification - XGBoost;IterativeImputer;Age;124;27;17;32;0.78;0.65;0.54;0.59;-;-;-;-;-;-;-;-;-0,12;0.80;0.07;0.49;0.18;1.04;0.002;0.24;-;-;-;-;-;-;-;;;;
Finance;Classification - XGBoost;Regularization;Age;129;32;12;27;0.78;0.69;0.45;0.55;-;-;-;-;-;-;-;-;-0,17;0.55;0.10;0.50;-0,03;0.94;0.001;0.19;-;-;-;-;-;-;-;;;;
Finance;Classification - XGBoost;Mutation testing;Age;542;442;91;125;0.55;0.57;0.22;0.31;-;-;-;-;-;-;-;-;0.04;1.10;0.08;0.84;0.06;1.67;0.0006;0.18;-;-;-;-;-;-;-;;;;
Finance;Classification - XGBoost;LOOCV;Age;-;-;-;-;-;-;-;-;0.76;-;-;-;-;-;-;-;-;-;-;-;-;-;-;-;-;-;-;-;-;-;-;;;;
Finance;Classification - XGBoost;SelectBest;Age;128;26;13;33;0.80;0.71;0.55;0.62;-;-;-;-;-;-;-;-;-0,16;0.60;0.10;0.46;0.07;1.06;0.002;0.23;-;-;-;-;-;-;-;;;;
Finance;Classification - XGBoost;SimpleImputer;Age;124;27;17;32;0.78;0.65;0.54;0.59;-;-;-;-;-;-;-;-;-0,12;0.80;0.07;0.49;0.18;1.04;0.002;0.24;-;-;-;-;-;-;-;;;;
Finance;Classification - XGBoost;LabelEncoder;Gender;124;27;17;32;0.78;0.65;0.54;0.59;-;-;-;-;-;-;-;-;0.07;1.46;0.11;0.49;0.49;0.92;9.89e-05;0.24;-;-;-;-;-;-;-;;;;
Finance;Classification - XGBoost;SMOTE;Gender;122;24;19;35;0.78;0.64;0.59;0.61;-;-;-;-;-;-;-;-;-0,04;0.88;0.09;0.47;-0,02;1.28;0.0003;0.27;-;-;-;-;-;-;-;;;;
Finance;Classification - XGBoost;Undersample;Gender;101;19;40;40;0.70;0.5;0.67;0.57;-;-;-;-;-;-;-;-;-0,02;1.22;0.13;0.48;0.05;1.38;0.001;0.4;-;-;-;-;-;-;-;;;;
Finance;Classification - XGBoost;IterativeImputer;Gender;124;27;17;32;0.78;0.65;0.54;0.59;-;-;-;-;-;-;-;-;0.07;1.46;0.11;0.49;0.15;0.92;9.89e-05;0.24;-;-;-;-;-;-;-;;;;
Finance;Classification - XGBoost;Regularization;Gender;129;32;12;27;0.78;0.69;0.45;0.55;-;-;-;-;-;-;-;-;-0,01;1.07;0.08;0.50;0.07;1.44;0.0005;0.19;-;-;-;-;-;-;-;;;;
Finance;Classification - XGBoost;Mutation testing;Gender;523;455;98;124;0.53;0.55;0.21;0.30;-;-;-;-;-;-;-;-;-0,0002;1.01;0.01;0.86;0.02;0.91;2.95e-05;0.18;-;-;-;-;-;-;-;;;;
Finance;Classification - XGBoost;LOOCV;Gender;-;-;-;-;-;-;-;-;0.76;-;-;-;-;-;-;-;-;-;-;-;-;-;-;-;-;-;-;-;-;-;-;;;;
Finance;Classification - XGBoost;SelectBest;Gender;128;26;13;33;0.80;0.71;0.55;0.62;-;-;-;-;-;-;-;-;0.06;1.60;0.10;0.46;0.20;1.12;2.90e-05;0.23;-;-;-;-;-;-;-;;;;
Finance;Classification - XGBoost;SimpleImputer;Gender;124;27;17;32;0.78;0.65;0.54;0.59;-;-;-;-;-;-;-;-;0.07;1.46;0.11;0.49;0.15;0.92;9.89e-05;0.24;-;-;-;-;-;-;-;;;;
Finance;Classification - Decision Tree;LabelEncoder;Age;114;27;27;32;0.73;0.54;0.54;0.54;-;-;-;-;-;-;-;-;-0,11;0.99;0.10;0.51;0.25;1.22;0.003;0.29;-;-;-;-;-;-;-;;;;
Finance;Classification - Decision Tree;SMOTE;Age;104;26;37;33; 0.68;0.47;0.55;0.51;-;-;-;-;-;-;-;-;-0,07;0.96;0.05;0.52;0.17;0.80;0.0002;0.35;-;-;-;-;-;-;-;;;;
Finance;Classification - Decision Tree;Undersample;Age;87;25;54;34;0.60;0.38;0.57;0.46;-;-;-;-;-;-;-;-;-0,05;1.23;0.07;0.53;0.24;1.05;0.001;0.44;-;-;-;-;-;-;-;;;;
Finance;Classification - Decision Tree;IterativeImputer;Age;114;27;27;32;0.73;0.54;0.54;0.54;-;-;-;-;-;-;-;-;-0,11;0.99;0.10;0.51;0.25;1.22;0.003;0.29;-;-;-;-;-;-;-;;;;
Finance;Classification - Decision Tree;Regularization;Age;129;32;12;27;0.78;0.69;0.45;0.55;-;-;-;-;-;-;-;-;-0,17;0.55;0.10;0.50;-0,03;0.94;0.001;0.19;-;-;-;-;-;-;-;;;;
Finance;Classification - Decision Tree;Mutation testing;Age;442;372;188;198;0.53;0.51;0.34;0.41;-;-;-;-;-;-;-;-;-0,1;0.81;0.08;0.78;-0,08;1.06;0.0006;0.32;-;-;-;-;-;-;-;;;;
Finance;Classification - Decision Tree;LOOCV;Age;-;-;-;-;-;-;-;-;0.69;-;-;-;-;-;-;-;-;-;-;-;-;-;-;-;-;-;-;-;-;-;-;;;;
Finance;Classification - Decision Tree;SelectBest;Age;117;31;24;28;0.72;0.53;0.47;0.50;-;-;-;-;-;-;-;-;-0,11;0.93;0.07;0.54;0.24;1.13;0.003;0.26;-;-;-;-;-;-;-;;;;
Finance;Classification - Decision Tree;SimpleImputer;Age;114;27;27;32;0.73;0.54;0.54;0.54;-;-;-;-;-;-;-;-;-0,11;0.99;0.10;0.51;0.25;1.22;0.003;0.29;-;-;-;-;-;-;-;;;;
Finance;Classification - Decision Tree;LabelEncoder;Gender;114;27;27;32;0.73;0.54;0.54;0.54;-;-;-;-;-;-;-;-;0.08;1.51;0.13;0.51;0.18;1.04;0.0;0.29;-;-;-;-;-;-;-;;;;
Finance;Classification - Decision Tree;SMOTE;Gender;107;23;34;36; 0.71;0.51;0.61;0.55;-;-;-;-;-;-;-;-;0.10;1.5;0.14;0.50;0.15;1.02;3.56e-07;0.35;-;-;-;-;-;-;-;;;;
Finance;Classification - Decision Tree;Undersample;Gender;87;25;54;34;0.60;0.38;0.57;0.46;-;-;-;-;-;-;-;-;0.04;1.12;0.05;0.53;0.03;1.02;6.81e-07;0.44;-;-;-;-;-;-;-;;;;
Finance;Classification - Decision Tree;IterativeImputer;Gender;114;27;27;32;0.73;0.54;0.54;0.54;-;-;-;-;-;-;-;-;0.08;1.51;0.13;0.51;0.18;1.04;0.0;0.29;-;-;-;-;-;-;-;;;;
Finance;Classification - Decision Tree;Regularization;Gender;129;32;12;27;0.78;0.69;0.45;0.55;-;-;-;-;-;-;-;-;-0,01;1.07;0.08;0.50;0.07;1.44;0.0005;0.19;-;-;-;-;-;-;-;;;;
Finance;Classification - Decision Tree;Mutation testing;Gender;450;363;186;201;0.54;0.51;0.35;0.42;-;-;-;-;-;-;-;-;0.04;1.02;0.01;0.75;-0,05;1.04;0.0002;0.34;-;-;-;-;-;-;-;;;;
Finance;Classification - Decision Tree;LOOCV;Gender;-;-;-;-;-;-;-;-;0.69;-;-;-;-;-;-;-;-;-;-;-;-;-;-;-;-;-;-;-;-;-;-;;;;
Finance;Classification - Decision Tree;SelectBest;Gender;117;31;24;28;0.72;0.53;0.47;0.50;-;-;-;-;-;-;-;-;0.02;1.15;0.02;0.54;0.05;1.14;6.13e-05;0.26;-;-;-;-;-;-;-;;;;
Finance;Classification - Decision Tree;SimpleImputer;Gender;114;27;27;32;0.73;0.54;0.54;0.54;-;-;-;-;-;-;-;-;0.08;1.51;0.13;0.51;0.18;1.04;0.0;0.29;-;-;-;-;-;-;-;;;;
Law;Classification  - Decision Tree;LabelEncoder;Race;268;40;31;60;0.82;0.65;0.6;0.62;-;-;-;-;-;-;-;-;0.34;1.55;0.21;0.43;-0,38;3.88;0.0007;0.22;-;-;-;-;-;-;-;;;;
Law;Classification  - Decision Tree;Oversample;Race;265;41;34;59;0.81;0.63;0.59;0.61;-;-;-;-;-;-;-;-;0.33;1.45;0.26;0.44;-0,4;4.08;0.0003;0.23;-;-;-;-;-;-;-;;;;
Law;Classification  - Decision Tree;Undersample;Race;235;30;64;70;0.76;0.52;0.7;0.59;-;-;-;-;-;-;-;-;0.38;1.25;0.25;0.44;-0,41;2.76;0.0004;0.33;-;-;-;-;-;-;-;;;;
Law;Classification  - Decision Tree;IterativeImputer;Race;272;45;27;55;0.81;0.67;0.55;0.60;-;-;-;-;-;-;-;-;0.41;2.04;0.23;0.44;-0,31;4.27;0.0008;0.20;-;-;-;-;-;-;-;;;;
Law;Classification  - Decision Tree;Regularization;Race;284;38;15;62;0.86;0.80;0.62;0.70;-;-;-;-;-;-;-;-;0.20;1.77;0.47;0.38;-0,05;9.71;0.001;0.19;-;-;-;-;-;-;-;;;;
Law;Classification  - Decision Tree;Mutation testing;Race;455;40;844;60;0.36;0.06;0.6;0.11;-;-;-;-;-;-;-;-;0.02;1.36;0.25;0.34;-0,02;1.44;0.002;0.64;-;-;-;-;-;-;-;;;;
Law;Classification  - Decision Tree;LOOCV;Race;-;-;-;-;-;-;-;-;0.80;-;-;-;-;-;-;-;-;-;-;-;-;-;-;-;-;-;-;-;-;-;-;;;;
Law;Classification  - Decision Tree;SelectBest;Race;266;42;33;58;0.81;0.63;0.58;0.60;-;-;-;-;-;-;-;-;0.34;1.56;0.35;0.44;-0,36;4.84;5.61e-06;0.22;-;-;-;-;-;-;-;;;;
Law;Classification  - Decision Tree;SimpleImputer;Race;264;36;35;64;0.82;0.64;0.64;0.64;-;-;-;-;-;-;-;-;0.39;1.81;0.17;0.42;-0,34;3.35;0.001;0.24;-;-;-;-;-;-;-;;;;
Law;Classification - Nai_ve Bayesian;Basic - LabelEncoder;Race;271;23;28;77;0.87;0.73;0.77;0.75;-;-;-;-;-;-;-;-;0.07;1.36;0.36;0.35;-0,2;5.24;0.0008;0.26;-;-;-;-;-;-;-;;;;
Law;Classification - Nai_ve Bayesian;Oversample;Race;270;22;29;78;0.87;0.72;0.78;0.75;-;-;-;-;-;-;-;-;0.09;1.52;0.38;0.35;-0,18;5.24;0.001;0.26;-;-;-;-;-;-;-;;;;
Law;Classification - Nai_ve Bayesian;Undersample;Race;267;23;32;77;0.86;0.70;0.77;0.73;-;-;-;-;-;-;-;-;0.07;1.23;0.36;0.36;-0,25;4.86;0.0006;0.27;-;-;-;-;-;-;-;;;;
Law;Classification - Nai_ve Bayesian;IterativeImputer;Race;282;53;17;47;0.82;0.73;0.47;0.57;-;-;-;-;-;-;-;-;0.32;1.71;0.38;0.44;-0,33;8.83;5.52e-08;0.16;-;-;-;-;-;-;-;;;;
Law;Classification - Nai_ve Bayesian;Regularization;Race;284;38;15;62;0.86;0.80;0.62;0.70;-;-;-;-;-;-;-;-;0.20;1.78;0.47;0.38;-0,05;9.71;0.001;0.19;-;-;-;-;-;-;-;;;;
Law;Classification - Nai_ve Bayesian;Mutation testing;Race;271;23;1028;77;0.24;0.06;0.77;0.12;-;-;-;-;-;-;-;-;0.07;1.38;0.33;0.28;-0,02;1.47;0.003;0.78;-;-;-;-;-;-;-;;;;
Law;Classification - Nai_ve Bayesian;LOOCV;Race;-;-;-;-;-;-;-;-;0.84;-;-;-;-;-;-;-;-;-;-;-;-;-;-;-;-;-;-;-;-;-;-;;;;
Law;Classification - Nai_ve Bayesian;SelectBest;Race;269;29;30;71;0.85;0.70;0.71;0.70;-;-;-;-;-;-;-;-;-0,09;1.84;0.64;0.38;-0,11;8.21;8.21;0.25;-;-;-;-;-;-;-;;;;
Law;Classification - Nai_ve Bayesian;SimpleImputer;Race;282;47;17;53;0.83;0.75;0.53;0.62;-;-;-;-;-;-;-;-;0.20;1.26;0.43;0.42;-0,32;9.49;0.0004;0.17;-;-;-;-;-;-;-;;;;
Law;Classification - Logistic Regression;LabelEncoder;Race;287;37;12;63;0.87;0.84;0.63;0.72;-;-;-;-;-;-;-;-;0.12;1.43;0.43;0.36;-0,6;9.91;0.001;0.18;-;-;-;-;-;-;-;;;;
Law;Classification - Logistic Regression;Oversample;Race;265;16;34;84;0.87;0.71;0.84;0.77;-;-;-;-;-;-;-;-;0.19;2.33;0.42;0.33;-0,1;4.95;0.001;0.29;-;-;-;-;-;-;-;;;;
Law;Classification - Logistic Regression;Undersample;Race;258;22;41;78;0.84;0.65;0.78;0.71;-;-;-;-;-;-;-;-;0.22;1.68;0.42;0.37;-0,22;4.55;0.0009;0.29;-;-;-;-;-;-;-;;;;
Law;Classification - Logistic Regression;IterativeImputer;Race;283;45;16;55;0.84;0.77;0.55;0.64;-;-;-;-;-;-;-;-;0.20;1.47;0.48;0.41;-0,2;11.03;0.001;0.17;-;-;-;-;-;-;-;;;;
Law;Classification - Logistic Regression;Regularization;Race;284;38;15;62;0.86;0.80;0.62;0.70;-;-;-;-;-;-;-;-;0.20;1.77;0.47;0.38;-0,05;9.71;0.001;0.19;-;-;-;-;-;-;-;;;;
Law;Classification - Logistic Regression;Mutation testing;Race;342;37;957;63;0.28;0.06;0.63;0.11;-;-;-;-;-;-;-;-;0.005;1.41;0.43;0.31;-0,04;1.57;0.004;0.72;-;-;-;-;-;-;-;;;;
Law;Classification - Logistic Regression;LOOCV;Race;-;-;-;-;-;-;-;-;0.86;-;-;-;-;-;-;-;-;-;-;-;-;-;-;-;-;-;-;-;-;-;-;;;;
Law;Classification - Logistic Regression;SelectBest;Race;286;39;13;61;0.86;0.82;0.61;0.70;-;-;-;-;-;-;-;-;0.18;1.65;0.45;0.37;-0,04;10.32;0.001;0.18;-;-;-;-;-;-;-;;;;
Law;Regression - Regressione Lineare;LabelEncoder;Race;-;-;-;-;-;-;-;-;-;-;-;0.01;0.13;0.63;0.09;0.07;-;-;-;-;-;-;-;-;-;-;-;-;20.98;5.65;1.02;;;;
Law;Regression - Regressione Lineare;IterativeImputer;Race;-;-;-;-;-;-;-;-;-;-;-;0.03;0.17;0.32;0.07;0.04;-;-;-;-;-;-;-;-;-;-;-;-;4.27;1.38;2.19;;;;
Law;Regression - Regressione Lineare;SelectBest;Race;-;-;-;-;-;-;-;-;-;-;-;0.01;0.13;0.60;0.09;0.06;-;-;-;-;-;-;-;-;-;-;-;-;75.44;18.58;1.01;;;;
Law;Regression - Regressione Lineare;SimpleImputer;Race;-;-;-;-;-;-;-;-;-;-;-;2.21;1.48;-45,27;0.16;0.06;-;-;-;-;-;-;-;-;-;-;-;-;1.00;0.99;3.04;;;;
Law;Regression - Regressione Lineare;StandardScaler;Race;-;-;-;-;-;-;-;-;-;-;-;0.32;0.56;0.63;0.40;0.30;-;-;-;-;-;-;-;-;-;-;-;-;7.20;2.75;1.00;;;;
Law;Regression - Decision Tree;LabelEncoder;Race;-;-;-;-;-;-;-;-;-;-;-;0.03;0.18;0.30;0.12;0.07;-;-;-;-;-;-;-;-;-;-;-;-;3.39;1.73;1.60;;;;
Law;Regression - Decision Tree;IterativeImputer;Race;-;-;-;-;-;-;-;-;-;-;-;0.03;0.19;0.20;0.12;0.06;-;-;-;-;-;-;-;-;-;-;-;-;2.61;1.56;1.80;;;;
Law;Regression - Decision Tree;SelectBest;Race;-;-;-;-;-;-;-;-;-;-;-;0.03;0.18;0.28;0.12;0.07;-;-;-;-;-;-;-;-;-;-;-;-;3.84;1.79;1.43;;;;
Law;Regression - Decision Tree;SimpleImputer;Race;-;-;-;-;-;-;-;-;-;-;-;0.03;0.18;0.30;0.11;0.07;-;-;-;-;-;-;-;-;-;-;-;-;3.13;1.76;1.75;;;;
Law;Regression - Decision Tree;StandardScaler;Race;-;-;-;-;-;-;-;-;-;-;-;0.57;0.75;0.35;0.50;0.30;-;-;-;-;-;-;-;-;-;-;-;-;3.17;1.72;1.32;;;;